-- Table contries
      
INSERT INTO contries (name) VALUES('Afganistán');
INSERT INTO contries (name) VALUES('Islas Gland');
INSERT INTO contries (name) VALUES('Albania');
INSERT INTO contries (name) VALUES('Alemania');
INSERT INTO contries (name) VALUES('Andorra');
INSERT INTO contries (name) VALUES('Angola');
INSERT INTO contries (name) VALUES('Anguilla');
INSERT INTO contries (name) VALUES('Antártida');
INSERT INTO contries (name) VALUES('Antigua y Barbuda');
INSERT INTO contries (name) VALUES('Antillas Holandesas');
INSERT INTO contries (name) VALUES('Arabia Saudí');
INSERT INTO contries (name) VALUES('Argelia');
INSERT INTO contries (name) VALUES('Argentina');
INSERT INTO contries (name) VALUES('Armenia');
INSERT INTO contries (name) VALUES('Aruba');
INSERT INTO contries (name) VALUES('Australia');
INSERT INTO contries (name) VALUES('Austria');
INSERT INTO contries (name) VALUES('Azerbaiyán');
INSERT INTO contries (name) VALUES('Bahamas');
INSERT INTO contries (name) VALUES('Bahréin');
INSERT INTO contries (name) VALUES('Bangladesh');
INSERT INTO contries (name) VALUES('Barbados');
INSERT INTO contries (name) VALUES('Bielorrusia');
INSERT INTO contries (name) VALUES('Bélgica');
INSERT INTO contries (name) VALUES('Belice');
INSERT INTO contries (name) VALUES('Benin');
INSERT INTO contries (name) VALUES('Bermudas');
INSERT INTO contries (name) VALUES('Bhután');
INSERT INTO contries (name) VALUES('Bolivia');
INSERT INTO contries (name) VALUES('Bosnia y Herzegovina');
INSERT INTO contries (name) VALUES('Botsuana');
INSERT INTO contries (name) VALUES('Isla Bouvet');
INSERT INTO contries (name) VALUES('Brasil');
INSERT INTO contries (name) VALUES('Brunéi');
INSERT INTO contries (name) VALUES('Bulgaria');
INSERT INTO contries (name) VALUES('Burkina Faso');
INSERT INTO contries (name) VALUES('Burundi');
INSERT INTO contries (name) VALUES('Cabo Verde');
INSERT INTO contries (name) VALUES('Islas Caimán');
INSERT INTO contries (name) VALUES('Camboya');
INSERT INTO contries (name) VALUES('Camerún');
INSERT INTO contries (name) VALUES('Canadá');
INSERT INTO contries (name) VALUES('República Centroafricana');
INSERT INTO contries (name) VALUES('Chad');
INSERT INTO contries (name) VALUES('República Checa');
INSERT INTO contries (name) VALUES('Chile');
INSERT INTO contries (name) VALUES('China');
INSERT INTO contries (name) VALUES('Chipre');
INSERT INTO contries (name) VALUES('Isla de Navidad');
INSERT INTO contries (name) VALUES('Ciudad del Vaticano');
INSERT INTO contries (name) VALUES('Islas Cocos');
INSERT INTO contries (name) VALUES('Colombia');
INSERT INTO contries (name) VALUES('Comoras');
INSERT INTO contries (name) VALUES('República Democrática del Congo');
INSERT INTO contries (name) VALUES('Congo');
INSERT INTO contries (name) VALUES('Islas Cook');
INSERT INTO contries (name) VALUES('Corea del Norte');
INSERT INTO contries (name) VALUES('Corea del Sur');
INSERT INTO contries (name) VALUES('Costa de Marfil');
INSERT INTO contries (name) VALUES('Costa Rica');
INSERT INTO contries (name) VALUES('Croacia');
INSERT INTO contries (name) VALUES('Cuba');
INSERT INTO contries (name) VALUES('Dinamarca');
INSERT INTO contries (name) VALUES('Dominica');
INSERT INTO contries (name) VALUES('República Dominicana');
INSERT INTO contries (name) VALUES('Ecuador');
INSERT INTO contries (name) VALUES('Egipto');
INSERT INTO contries (name) VALUES('El Salvador');
INSERT INTO contries (name) VALUES('Emiratos Árabes Unidos');
INSERT INTO contries (name) VALUES('Eritrea');
INSERT INTO contries (name) VALUES('Eslovaquia');
INSERT INTO contries (name) VALUES('Eslovenia');
INSERT INTO contries (name) VALUES('España');
INSERT INTO contries (name) VALUES('Islas ultramarinas de Estados Unidos');
INSERT INTO contries (name) VALUES('Estados Unidos');
INSERT INTO contries (name) VALUES('Estonia');
INSERT INTO contries (name) VALUES('Etiopía');
INSERT INTO contries (name) VALUES('Islas Feroe');
INSERT INTO contries (name) VALUES('Filipinas');
INSERT INTO contries (name) VALUES('Finlandia');
INSERT INTO contries (name) VALUES('Fiyi');
INSERT INTO contries (name) VALUES('Francia');
INSERT INTO contries (name) VALUES('Gabón');
INSERT INTO contries (name) VALUES('Gambia');
INSERT INTO contries (name) VALUES('Georgia');
INSERT INTO contries (name) VALUES('Islas Georgias del Sur y Sandwich del Sur');
INSERT INTO contries (name) VALUES('Ghana');
INSERT INTO contries (name) VALUES('Gibraltar');
INSERT INTO contries (name) VALUES('Granada');
INSERT INTO contries (name) VALUES('Grecia');
INSERT INTO contries (name) VALUES('Groenlandia');
INSERT INTO contries (name) VALUES('Guadalupe');
INSERT INTO contries (name) VALUES('Guam');
INSERT INTO contries (name) VALUES('Guatemala');
INSERT INTO contries (name) VALUES('Guayana Francesa');
INSERT INTO contries (name) VALUES('Guinea');
INSERT INTO contries (name) VALUES('Guinea Ecuatorial');
INSERT INTO contries (name) VALUES('Guinea-Bissau');
INSERT INTO contries (name) VALUES('Guyana');
INSERT INTO contries (name) VALUES('Haití');
INSERT INTO contries (name) VALUES('Islas Heard y McDonald');
INSERT INTO contries (name) VALUES('Honduras');
INSERT INTO contries (name) VALUES('Hong Kong');
INSERT INTO contries (name) VALUES('Hungría');
INSERT INTO contries (name) VALUES('India');
INSERT INTO contries (name) VALUES('Indonesia');
INSERT INTO contries (name) VALUES('Irán');
INSERT INTO contries (name) VALUES('Iraq');
INSERT INTO contries (name) VALUES('Irlanda');
INSERT INTO contries (name) VALUES('Islandia');
INSERT INTO contries (name) VALUES('Israel');
INSERT INTO contries (name) VALUES('Italia');
INSERT INTO contries (name) VALUES('Jamaica');
INSERT INTO contries (name) VALUES('Japón');
INSERT INTO contries (name) VALUES('Jordania');
INSERT INTO contries (name) VALUES('Kazajstán');
INSERT INTO contries (name) VALUES('Kenia');
INSERT INTO contries (name) VALUES('Kirguistán');
INSERT INTO contries (name) VALUES('Kiribati');
INSERT INTO contries (name) VALUES('Kuwait');
INSERT INTO contries (name) VALUES('Laos');
INSERT INTO contries (name) VALUES('Lesotho');
INSERT INTO contries (name) VALUES('Letonia');
INSERT INTO contries (name) VALUES('Líbano');
INSERT INTO contries (name) VALUES('Liberia');
INSERT INTO contries (name) VALUES('Libia');
INSERT INTO contries (name) VALUES('Liechtenstein');
INSERT INTO contries (name) VALUES('Lituania');
INSERT INTO contries (name) VALUES('Luxemburgo');
INSERT INTO contries (name) VALUES('Macao');
INSERT INTO contries (name) VALUES('ARY Macedonia');
INSERT INTO contries (name) VALUES('Madagascar');
INSERT INTO contries (name) VALUES('Malasia');
INSERT INTO contries (name) VALUES('Malawi');
INSERT INTO contries (name) VALUES('Maldivas');
INSERT INTO contries (name) VALUES('Malí');
INSERT INTO contries (name) VALUES('Malta');
INSERT INTO contries (name) VALUES('Islas Malvinas');
INSERT INTO contries (name) VALUES('Islas Marianas del Norte');
INSERT INTO contries (name) VALUES('Marruecos');
INSERT INTO contries (name) VALUES('Islas Marshall');
INSERT INTO contries (name) VALUES('Martinica');
INSERT INTO contries (name) VALUES('Mauricio');
INSERT INTO contries (name) VALUES('Mauritania');
INSERT INTO contries (name) VALUES('Mayotte');
INSERT INTO contries (name) VALUES('México');
INSERT INTO contries (name) VALUES('Micronesia');
INSERT INTO contries (name) VALUES('Moldavia');
INSERT INTO contries (name) VALUES('Mónaco');
INSERT INTO contries (name) VALUES('Mongolia');
INSERT INTO contries (name) VALUES('Montserrat');
INSERT INTO contries (name) VALUES('Mozambique');
INSERT INTO contries (name) VALUES('Myanmar');
INSERT INTO contries (name) VALUES('Namibia');
INSERT INTO contries (name) VALUES('Nauru');
INSERT INTO contries (name) VALUES('Nepal');
INSERT INTO contries (name) VALUES('Nicaragua');
INSERT INTO contries (name) VALUES('Níger');
INSERT INTO contries (name) VALUES('Nigeria');
INSERT INTO contries (name) VALUES('Niue');
INSERT INTO contries (name) VALUES('Isla Norfolk');
INSERT INTO contries (name) VALUES('Noruega');
INSERT INTO contries (name) VALUES('Nueva Caledonia');
INSERT INTO contries (name) VALUES('Nueva Zelanda');
INSERT INTO contries (name) VALUES('Omán');
INSERT INTO contries (name) VALUES('Países Bajos');
INSERT INTO contries (name) VALUES('Pakistán');
INSERT INTO contries (name) VALUES('Palau');
INSERT INTO contries (name) VALUES('Palestina');
INSERT INTO contries (name) VALUES('Panamá');
INSERT INTO contries (name) VALUES('Papúa Nueva Guinea');
INSERT INTO contries (name) VALUES('Paraguay');
INSERT INTO contries (name) VALUES('Perú');
INSERT INTO contries (name) VALUES('Islas Pitcairn');
INSERT INTO contries (name) VALUES('Polinesia Francesa');
INSERT INTO contries (name) VALUES('Polonia');
INSERT INTO contries (name) VALUES('Portugal');
INSERT INTO contries (name) VALUES('Puerto Rico');
INSERT INTO contries (name) VALUES('Qatar');
INSERT INTO contries (name) VALUES('Reino Unido');
INSERT INTO contries (name) VALUES('Reunión');
INSERT INTO contries (name) VALUES('Ruanda');
INSERT INTO contries (name) VALUES('Rumania');
INSERT INTO contries (name) VALUES('Rusia');
INSERT INTO contries (name) VALUES('Sahara Occidental');
INSERT INTO contries (name) VALUES('Islas Salomón');
INSERT INTO contries (name) VALUES('Samoa');
INSERT INTO contries (name) VALUES('Samoa Americana');
INSERT INTO contries (name) VALUES('San Cristóbal y Nevis');
INSERT INTO contries (name) VALUES('San Marino');
INSERT INTO contries (name) VALUES('San Pedro y Miquelón');
INSERT INTO contries (name) VALUES('San Vicente y las Granadinas');
INSERT INTO contries (name) VALUES('Santa Helena');
INSERT INTO contries (name) VALUES('Santa Lucía');
INSERT INTO contries (name) VALUES('Santo Tomé y Príncipe');
INSERT INTO contries (name) VALUES('Senegal');
INSERT INTO contries (name) VALUES('Serbia y Montenegro');
INSERT INTO contries (name) VALUES('Seychelles');
INSERT INTO contries (name) VALUES('Sierra Leona');
INSERT INTO contries (name) VALUES('Singapur');
INSERT INTO contries (name) VALUES('Siria');
INSERT INTO contries (name) VALUES('Somalia');
INSERT INTO contries (name) VALUES('Sri Lanka');
INSERT INTO contries (name) VALUES('Suazilandia');
INSERT INTO contries (name) VALUES('Sudáfrica');
INSERT INTO contries (name) VALUES('Sudán');
INSERT INTO contries (name) VALUES('Suecia');
INSERT INTO contries (name) VALUES('Suiza');
INSERT INTO contries (name) VALUES('Surinam');
INSERT INTO contries (name) VALUES('Svalbard y Jan Mayen');
INSERT INTO contries (name) VALUES('Tailandia');
INSERT INTO contries (name) VALUES('Taiwán');
INSERT INTO contries (name) VALUES('Tanzania');
INSERT INTO contries (name) VALUES('Tayikistán');
INSERT INTO contries (name) VALUES('Territorio Británico del Océano Índico');
INSERT INTO contries (name) VALUES('Territorios Australes Franceses');
INSERT INTO contries (name) VALUES('Timor Oriental');
INSERT INTO contries (name) VALUES('Togo');
INSERT INTO contries (name) VALUES('Tokelau');
INSERT INTO contries (name) VALUES('Tonga');
INSERT INTO contries (name) VALUES('Trinidad y Tobago');
INSERT INTO contries (name) VALUES('Túnez');
INSERT INTO contries (name) VALUES('Islas Turcas y Caicos');
INSERT INTO contries (name) VALUES('Turkmenistán');
INSERT INTO contries (name) VALUES('Turquía');
INSERT INTO contries (name) VALUES('Tuvalu');
INSERT INTO contries (name) VALUES('Ucrania');
INSERT INTO contries (name) VALUES('Uganda');
INSERT INTO contries (name) VALUES('Uruguay');
INSERT INTO contries (name) VALUES('Uzbekistán');
INSERT INTO contries (name) VALUES('Vanuatu');
INSERT INTO contries (name) VALUES('Venezuela');
INSERT INTO contries (name) VALUES('Vietnam');
INSERT INTO contries (name) VALUES('Islas Vírgenes Británicas');
INSERT INTO contries (name) VALUES('Islas Vírgenes de los Estados Unidos');
INSERT INTO contries (name) VALUES('Wallis y Futuna');
INSERT INTO contries (name) VALUES('Yemen');
INSERT INTO contries (name) VALUES('Yibuti');
INSERT INTO contries (name) VALUES('Zambia');
INSERT INTO contries (name) VALUES('Zimbabue');


-- Table languages

INSERT INTO languages (language)  VALUES('Español');
INSERT INTO languages (language)  VALUES('English');
INSERT INTO languages (language)  VALUES('Deutsch');
INSERT INTO languages (language)  VALUES('Português');
INSERT INTO languages (language)  VALUES('Fraçais');
INSERT INTO languages (language)  VALUES('Italiano');
INSERT INTO languages (language)  VALUES('日本語');
INSERT INTO languages (language)  VALUES('한국어');

-- Table esrb

INSERT INTO esrb (esrb, logo_path) VALUES ('Everyone', 'https://www.esrb.org/wp-content/uploads/2019/05/E.svg');
INSERT INTO esrb (esrb, logo_path) VALUES ('Everyone 10+', 'https://www.esrb.org/wp-content/uploads/2019/05/E10plus.svg');
INSERT INTO esrb (esrb, logo_path) VALUES ('Teen', 'https://www.esrb.org/wp-content/uploads/2019/05/T.svg');
INSERT INTO esrb (esrb, logo_path) VALUES ('Mature 17+', 'https://www.esrb.org/wp-content/uploads/2019/05/M.svg');
INSERT INTO esrb (esrb, logo_path) VALUES ('Adults Only', 'https://www.esrb.org/wp-content/uploads/2019/05/AO.svg');
INSERT INTO esrb (esrb, logo_path) VALUES ('Rating Pending', 'https://www.esrb.org/wp-content/uploads/2019/05/RP.svg');

-- Table directx

INSERT INTO directx (version) VALUES('DirectX 12');
INSERT INTO directx (version) VALUES('DirectX 11.3');
INSERT INTO directx (version) VALUES('DirectX 11.2');
INSERT INTO directx (version) VALUES('DirectX 11.1');
INSERT INTO directx (version) VALUES('DirectX 11');
INSERT INTO directx (version) VALUES('DirectX 10.1');
INSERT INTO directx (version) VALUES('DirectX 10');

-- Table genres

INSERT INTO genres (genre) VALUES('Aventura');
INSERT INTO genres (genre) VALUES('Disparos');
INSERT INTO genres (genre) VALUES('Educativos');
INSERT INTO genres (genre) VALUES('Estrategia');
INSERT INTO genres (genre) VALUES('Peleas');
INSERT INTO genres (genre) VALUES('Survival Horror');
INSERT INTO genres (genre) VALUES('Plataformas');
INSERT INTO genres (genre) VALUES('Rol');
INSERT INTO genres (genre) VALUES('Mundo Abierto');
INSERT INTO genres (genre) VALUES('Novela Gráfica');
INSERT INTO genres (genre) VALUES('Deportes');


-- Table operating_system

INSERT INTO operating_system (operating_system,logo_path) VALUES ('Windows', 'https://www.flaticon.com/svg/static/icons/svg/732/732076.svg');
INSERT INTO operating_system (operating_system,logo_path) VALUES ('Linux', 'https://www.flaticon.com/svg/static/icons/svg/731/731985.svg');
INSERT INTO operating_system (operating_system,logo_path) VALUES ('MacOS', 'https://www.flaticon.com/svg/static/icons/svg/121/121147.svg');

-- Table users

INSERT INTO transaction VALUES (null, '192.168.1.1', 1, now());
SELECT LAST_INSERT_ID();
INSERT INTO users (id_country,username,password,email,user_type,photo_path,name,lastname,alias,status,tx_id,tx_host,tx_user_id,tx_date) VALUES (1,'DemonSlayer89','contra123','demonSlayer89@gmail.com',0,'https://i.pinimg.com/564x/f1/f3/52/f1f35248da63e685e1445b4deb7697e3.jpg','Ana','Banana','DemonAna',1,LAST_INSERT_ID(),'192.168.1.1',1,NOW());

INSERT INTO transaction VALUES (null, '192.168.1.2', 2, now());
SELECT LAST_INSERT_ID();
INSERT INTO users (id_country,username,password,email,user_type,photo_path,name,lastname,alias,status,tx_id,tx_host,tx_user_id,tx_date) VALUES (1,'Saske34','contra1234','podemosHacerlo@gmail.com',0,'https://i.pinimg.com/564x/15/a9/96/15a996aec97792e380c9dc1c56c04bd9.jpg','Bob','Constructor','BobSaske',1,LAST_INSERT_ID(),'192.168.1.2',2,NOW());

INSERT INTO transaction VALUES (null, '192.168.1.3', 3, now());
SELECT LAST_INSERT_ID();
INSERT INTO users (id_country,username,password,email,user_type,photo_path,name,lastname,alias,status,tx_id,tx_host,tx_user_id,tx_date) VALUES (1,'GonHun23','contra12345','gonHun23@gmail.com',0,'https://i.pinimg.com/564x/72/0a/7b/720a7bc322bf34fdf4dc6ff8eb0a58ce.jpg','Burbuja','Poderosa','BurbujaGon',1,LAST_INSERT_ID(),'192.168.1.3',3,NOW());

INSERT INTO transaction VALUES (null, '192.168.2.1', 4, now());
SELECT LAST_INSERT_ID();
INSERT INTO users (id_country,username,password,email,user_type,photo_path,name,lastname,alias,status,tx_id,tx_host,tx_user_id,tx_date) VALUES (1,'Naruto12','qwerty123','septimoHokage@gmail.com',1,'https://i.pinimg.com/564x/59/74/54/5974549edfeeefc9e86bd73e8e4af0ed.jpg','Donald','Duck','DonaldNaruto',1,LAST_INSERT_ID(),'192.168.2.1',4,NOW());

INSERT INTO transaction VALUES (null, '192.168.2.2', 5, now());
SELECT LAST_INSERT_ID();
INSERT INTO users (id_country,username,password,email,user_type,photo_path,name,lastname,alias,status,tx_id,tx_host,tx_user_id,tx_date) VALUES (1,'IronMan4','qwerty1234','jarvis@gmail.com',1,'https://i.pinimg.com/564x/84/ad/07/84ad07dfc05d24769cf0036f5bf87f9c.jpg','Gus','Gus','GusMan',1,LAST_INSERT_ID(),'192.168.2.2',5,NOW());

INSERT INTO transaction VALUES (null, '192.168.2.3', 6, now());
SELECT LAST_INSERT_ID();
INSERT INTO users (id_country,username,password,email,user_type,photo_path,name,lastname,alias,status,tx_id,tx_host,tx_user_id,tx_date) VALUES (1,'Tiburoncin45','qwerty12345','makoAgua@gmail.com',1,'https://i.pinimg.com/564x/93/ac/06/93ac06f07613955584a1cc22205c2094.jpg','Kilos','Mortales','KilosLocos',1,LAST_INSERT_ID(),'192.168.2.3',6,NOW());


-- Table games
INSERT INTO transaction VALUES (null, '192.168.5.55', 4, now());
SELECT LAST_INSERT_ID();
INSERT INTO games (id_esrb,id_developer,name,description,size,players,release_date,processor,memory,graphics,color,highlight,download_path,status,tx_id, tx_host, tx_user_id, tx_date) VALUES (2,4,'GRIS','Gris is a hopeful young girl lost in her own world, dealing with a painful experience in her life. Her journey through sorrow is manifested in her dress, which grants new abilities to better navigate her faded reality.','1.1GB',1,NOW(),'Intel i3', '4GB RAM','GeForce GT340', '#F4B9B5', 0,'https://www.gog.com/game/gris',1,LAST_INSERT_ID(), '192.168.5.55', 4, NOW());

INSERT INTO transaction VALUES (null, '192.168.6.100', 6, now());
SELECT LAST_INSERT_ID();
INSERT INTO games (id_esrb,id_developer,name,description,size,players,release_date,processor,memory,graphics,color,highlight,download_path,status,tx_id, tx_host, tx_user_id, tx_date) VALUES (1,6,'Overcooked','Overcooked is a chaotic couch co-op cooking game for one to four players. Working as a team, you and your fellow chefs must prepare, cook and serve up a variety of tasty orders before the baying customers storm out in a huff.','1GB',1,NOW(),'Dual Core 2.4', '2GB RAM','GeForce 8800GT', '#CB4B3B', 0,'https://www.gog.com/game/overcooked_gourmet_edition',1,LAST_INSERT_ID(), '192.168.6.100', 6, NOW());

INSERT INTO transaction VALUES (null, '192.168.5.55', 5, now());
SELECT LAST_INSERT_ID();
INSERT INTO games (id_esrb,id_developer,name,description,size,players,release_date,processor,memory,graphics,color,highlight,download_path,status,tx_id, tx_host, tx_user_id, tx_date) VALUES (2,4,'GRIS','Gris is a hopeful young girl lost in her own world, dealing with a painful experience in her life. Her journey through sorrow is manifested in her dress, which grants new abilities to better navigate her faded reality.','1.1GB',1,NOW(),'Intel i3', '4GB RAM','GeForce GT340', '#F4B9B5', 0,'https://www.gog.com/game/gris',1,LAST_INSERT_ID(), '192.168.5.55', 4, NOW());

-- Table publishers

INSERT INTO transaction VALUES (null, '192.168.1.10', 1, now());
SELECT LAST_INSERT_ID();
INSERT INTO publishers (id_user, publisher, paypal_mail, status, tx_id, tx_host, tx_user_id, tx_date) VALUES (4,'Devolver Digital','washinmail@devolver.com',1,LAST,_INSERT_ID(),'192.168.1.10',1,NOW());

INSERT INTO transaction VALUES (null, '192.168.1.10', 1, now());
SELECT LAST_INSERT_ID();
INSERT INTO publishers (id_user, publisher, paypal_mail, status, tx_id, tx_host, tx_user_id, tx_date) VALUES (5,'Team 17','relations@team17.com',1,LAST,_INSERT_ID(),'192.168.1.10',1,NOW());

INSERT INTO transaction VALUES (null, '192.168.1.10', 1, now());
SELECT LAST_INSERT_ID();
INSERT INTO publishers (id_user, publisher, paypal_mail, status, tx_id, tx_host, tx_user_id, tx_date) VALUES (6,'Rockstar','press@rockstar.com',1,LAST,_INSERT_ID(),'192.168.1.10',1,NOW());

-- Table Developers

INSERT INTO developers(id_publisher, developer) VALUES (1,'Nomada Studio');
INSERT INTO developers(id_publisher, developer) VALUES (1,'Mediatonic');
INSERT INTO developers(id_publisher, developer) VALUES (1,'Ghost Town Games');

-- Table Orders

INSERT INTO transaction VALUES (null, '192.192.1.1', 1, now());
SELECT LAST_INSERT_ID();
INSERT INTO orders (id_user, date, status, tx_id, tx_host, tx_user_id, tx_date) VALUES (1,NOW(),0,LAST_INSERT_ID(),'192.192.1.1',1,NOW())

INSERT INTO transaction VALUES (null, '192.192.1.2', 2, now());
SELECT LAST_INSERT_ID();
INSERT INTO orders (id_user, date, status, tx_id, tx_host, tx_user_id, tx_date) VALUES (2,NOW(),1,LAST_INSERT_ID(),'192.192.1.2',2,NOW())

INSERT INTO transaction VALUES (null, '192.192.1.3', 3, now());
SELECT LAST_INSERT_ID();
INSERT INTO orders (id_user, date, status, tx_id, tx_host, tx_user_id, tx_date) VALUES (3,NOW(),2,LAST_INSERT_ID(),'192.192.1.3',3,NOW())

-- Table Order_detail

INSERT INTO transaction VALUES (null, '192.192.1.1', 1, now());
SELECT LAST_INSERT_ID();
INSERT INTO order_details (id_game, id_order, price, status,tx_id, tx_host, tx_user_id, tx_date ) VALUES (1,1,19.99,1,LAST_INSERT_ID(),'192.192.1.1',1,NOW());


INSERT INTO transaction VALUES (null, '192.192.1.2', 2, now());
SELECT LAST_INSERT_ID();
INSERT INTO order_details (id_game, id_order, price, status,tx_id, tx_host, tx_user_id, tx_date ) VALUES (2,2,19.99,1,LAST_INSERT_ID(),'192.192.1.2',2,NOW());

INSERT INTO transaction VALUES (null, '192.192.1.3', 3, now());
SELECT LAST_INSERT_ID();
INSERT INTO order_details (id_game, id_order, price, status,tx_id, tx_host, tx_user_id, tx_date ) VALUES (3,3,19.99,1,LAST_INSERT_ID(),'192.192.1.3',3,NOW());

-- Table library

INSERT INTO library (id_user,id_game,status,download) VALUES (1,2,1,0);
INSERT INTO library (id_user,id_game,status,download) VALUES (1,3,1,1);
INSERT INTO library (id_user,id_game,status,download) VALUES (2,1,1,0);
INSERT INTO library (id_user,id_game,status,download) VALUES (2,3,1,0);
INSERT INTO library (id_user,id_game,status,download) VALUES (3,1,1,1);
INSERT INTO library (id_user,id_game,status,download) VALUES (3,2,1,1);

-- Table genre_games


INSERT INTO genres_games (id_game,id_genre) VALUES (1,1);
INSERT INTO genres_games (id_game,id_genre) VALUES (2,5);
INSERT INTO genres_games (id_game,id_genre) VALUES (3,4);

-- Table games_directx

INSERT INTO games_directx (id_game,id_name) VALUES (1,7);
INSERT INTO games_directx (id_game,id_name) VALUES (2,7);
INSERT INTO games_directx (id_game,id_name) VALUES (3,7);

-- Table games_os

INSERT INTO games_os (id_game,id_operating_style) VALUES (1,1);
INSERT INTO games_os (id_game,id_operating_style) VALUES (1,2);
INSERT INTO games_os (id_game,id_operating_style) VALUES (1,3);

INSERT INTO games_os (id_game,id_operating_style) VALUES (2,1);

INSERT INTO games_os (id_game,id_operating_style) VALUES (3,1);
INSERT INTO games_os (id_game,id_operating_style) VALUES (3,2);
INSERT INTO games_os (id_game,id_operating_style) VALUES (3,3);


-- Table languages_games

INSERT INTO languages_games (id_game,id_language) VALUES (1,1);
INSERT INTO languages_games (id_game,id_language) VALUES (1,2);

INSERT INTO languages_games (id_game,id_language) VALUES (2,1);
INSERT INTO languages_games (id_game,id_language) VALUES (2,2);
INSERT INTO languages_games (id_game,id_language) VALUES (2,4);


INSERT INTO languages_games (id_game,id_language) VALUES (3,1);
INSERT INTO languages_games (id_game,id_language) VALUES (3,2);
INSERT INTO languages_games (id_game,id_language) VALUES (3,3);
INSERT INTO languages_games (id_game,id_language) VALUES (3,4);

-- Table price
INSERT INTO transaction VALUES (null, '192.192.1.2', 2, now());
SELECT LAST_INSERT_ID();
INSERT INTO price (id_game,price,date,sale,status,tx_id,tx_host,tx_user_id,tx_date) VALUES (1,19.99,'2020-29-10 14:13:01',0,1,LAST_INSERT_ID(),'192.192.1.2',1,NOW());

INSERT INTO transaction VALUES (null, '192.192.1.2', 2, now());
SELECT LAST_INSERT_ID();
INSERT INTO price (id_game,price,date,sale,status,tx_id,tx_host,tx_user_id,tx_date) VALUES (2,19.99,'2020-27-10 09:32:01',0,1,LAST_INSERT_ID(),'192.192.1.2',1,NOW());

INSERT INTO transaction VALUES (null, '192.192.1.2', 2, now());
SELECT LAST_INSERT_ID();
INSERT INTO price (id_game,price,date,sale,status,tx_id,tx_host,tx_user_id,tx_date) VALUES (3,19.99,'2020-19-10 11:02:01',0,1,LAST_INSERT_ID(),'192.192.1.2',1,NOW());

-- Table photos

INSERT INTO photos (id_game, photo_path, type, status) VALUES (1,'https://cdn.cloudflare.steamstatic.com/steam/apps/683320/ss_4fa618f5a2141d48a05716d43598a260235b0aaa.600x338.jpg?t=1574359986',1,1);
INSERT INTO photos (id_game, photo_path, type, status) VALUES (1,'https://cdn.cloudflare.steamstatic.com/steam/apps/683320/ss_a155ad5423e11e3e764a1a270dcf4f30323f0a35.600x338.jpg?t=1574359986',2,1);
INSERT INTO photos (id_game, photo_path, type, status) VALUES (1,'https://cdn.cloudflare.steamstatic.com/steam/apps/683320/ss_973175ba1865c5716c5f37588d00ac135b7d34ba.600x338.jpg?t=1574359986',2,1);

INSERT INTO photos (id_game, photo_path, type, status) VALUES (2,'https://cdn.cloudflare.steamstatic.com/steam/apps/1097150/ss_242e6f5aa36e166864002ed976ed0293dfe49011.600x338.jpg?t=1603922857',1,1);
INSERT INTO photos (id_game, photo_path, type, status) VALUES (2,'https://cdn.cloudflare.steamstatic.com/steam/apps/1097150/ss_b2b6b170330b8af1f50d0e90efad984adafeb281.600x338.jpg?t=1603922857',2,1);
INSERT INTO photos (id_game, photo_path, type, status) VALUES (2,'https://cdn.cloudflare.steamstatic.com/steam/apps/1097150/ss_df2d12f278d6c0203e11fece84fc50226ff077d6.600x338.jpg?t=1603922857',2,1);

INSERT INTO photos (id_game, photo_path, type, status) VALUES (3,'https://cdn.cloudflare.steamstatic.com/steam/apps/448510/ss_2a35c15c78f06dd4f23dab8a1e1917a835d0062d.600x338.jpg?t=1594197612',1,1);
INSERT INTO photos (id_game, photo_path, type, status) VALUES (3,'https://cdn.cloudflare.steamstatic.com/steam/apps/448510/ss_c307c59c18be77c920050a2d70d76929a2295879.600x338.jpg?t=1594197612',2,1);
INSERT INTO photos (id_game, photo_path, type, status) VALUES (3,'https://cdn.cloudflare.steamstatic.com/steam/apps/448510/ss_65929fedb7284c22e6a3d78e84fd4e85ca174d2a.600x338.jpg?t=1594197612',2,1);

-- Trigger h_games

delimiter //
CREATE TRIGGER tg_ins_h_games AFTER INSERT ON games
    FOR EACH ROW
    BEGIN
        INSERT INTO h_games VALUES (null, NEW.id_game,NEW.id_esrb, NEW.id_developer,NEW.name,NEW.description,NEW.size,NEW.players,NEW.release_date,NEW.processor,NEW.memory,NEW.graphics,NEW.color,NEW.highlight,NEW.download_path,NEW.status,NEW.tx_id, NEW.tx_host, NEW.tx_user_id, NEW.tx_date);
    END;//
delimiter ;

delimiter //
CREATE TRIGGER tg_upd_h_games AFTER UPDATE ON games
    FOR EACH ROW
    BEGIN
        INSERT INTO h_games VALUES (null, NEW.id_game,NEW.id_esrb, NEW.id_developer,NEW.name,NEW.description,NEW.size,NEW.players,NEW.release_date,NEW.processor,NEW.memory,NEW.graphics,NEW.color,NEW.highlight,NEW.download_path,NEW.status,NEW.tx_id, NEW.tx_host, NEW.tx_user_id, NEW.tx_date);
    END;//
delimiter ;
